{"val_loss": [0.5923498868942261, 0.45968616008758545, 0.729023814201355, 0.8621484041213989, 0.8389315605163574, 0.5559762716293335, 0.4577682614326477, 0.6580796241760254, 0.5026705265045166, 0.37468498945236206, 0.4105408787727356, 0.6545873880386353, 0.9901319742202759, 0.7813053727149963, 0.4135776460170746, 0.36811965703964233, 0.3381209969520569, 0.38279157876968384, 1.2529995441436768, 0.9014794826507568, 0.6262285113334656, 0.4760235846042633, 1.0148260593414307, 0.738778829574585, 0.17635469138622284], "val_accuracy": [0.7462499737739563, 0.748711347579956, 0.7603092789649963, 0.7899484634399414, 0.7462499737739563, 0.7667526006698608, 0.8041236996650696, 0.842783510684967, 0.7654638886451721, 0.793749988079071, 0.8466494679450989, 0.8260309100151062, 0.8067010045051575, 0.8374999761581421, 0.8105670213699341, 0.8505154848098755, 0.8311855792999268, 0.8182989954948425, 0.8199999928474426, 0.8079897165298462, 0.8221649527549744, 0.8015463948249817, 0.8025000095367432, 0.8324742317199707, 0.8195876479148865], "loss": [1.1965419840812683, 0.7528215944766998, 0.5679424095153809, 0.5281948778033256, 0.4467890474200249, 0.45127211183309557, 0.42576166212558747, 0.3740988710522652, 0.3509571462869644, 0.35124383330345155, 0.2878565502166748, 0.3137251727283001, 0.2557315672934055, 0.2872550030052662, 0.28795273303985597, 0.22703137420117855, 0.2655255250632763, 0.23293042540550232, 0.20348903559148313, 0.21566868770867587, 0.22811728144064547, 0.1658883686736226, 0.20895761106163263, 0.1759079508110881, 0.19608190640807152], "accuracy": [